_block_number_,_block_timestamp_,instruction_id,transaction_hash
158569587,2025-09-27T04:37:57.114137,instruction_0_xiauau1c,7ofvk22xj9fcgkrndcuxigu6qfealkdplda73c3zzygjo9yrokb91l3s15bn1kze
158569587,2025-09-27T04:37:57.114137,instruction_5_rc4aonsg,36n57d8x0l58o6hz2m1lmz4jwg2xhq9twf55qj9bdatofqy8nvvox2btsdb9f04f
158569588,2025-09-27T04:47:57.114137,instruction_1_acgkpl2v,c6eaftyci2kpkqodp9s4zig8ecoi95jvx33xgb8s50h3d9hr8jqi74xzdhql3ps8
158569588,2025-09-27T04:47:57.114137,instruction_6_w8etmwdf,zg6ioxlsog35yxfx7aa15c8lmp5lak2n59gp3yu2aq4vvf4pup5dcjfjlfrm1wgy
158569589,2025-09-27T04:57:57.114137,instruction_2_2c8756nx,o4ikoj8wlb5te022zaahui5w4arkafw1s2fz2v1v9yhxkc1svpb5uac2yk4nof9r
158569589,2025-09-27T04:57:57.114137,instruction_7_9hjma8b1,f44gb8yts7exddceyblqjdr8xekjmrbd10y7vtd3nu81t81dnj782r9visbyiwkk
158569590,2025-09-27T05:07:57.114137,instruction_8_h22qagab,sw6t3b57jrzjooc6cv3etrtuflyilygetvsb00o4qyyse9sjow3j7n6z71e6beh8
158569590,2025-09-27T05:07:57.114137,instruction_3_3isgnz5r,cb4j2o4gno2cqdqwl5xpwglxzsdu5ipezfhz7luhvv9xtwafcv1cia4jzsm4ttzo
158569591,2025-09-27T05:17:57.114137,instruction_4_uc9mzr5o,i4ybmk6edq85el62pxzvq51j0k2jjwb21shyi2cl7ritb54hypii5hjrhll4tiay
158569591,2025-09-27T05:17:57.114137,instruction_9_587s78go,yc43j7bk8fg1gw811xrpxt9y7lm2471lx2hbigo7394brkrvxkkwud6oq2zxwfee
