_block_number_,_block_timestamp_,instruction_id,to,amount,to_owner
158569587,2025-09-27T04:37:57.114137,instruction_5_rc4aonsg,VjTNfEefwuD3kVrQimMXY9tYg7eKfQcYXDO5fUlf55z2,9807.100809,ysbZGBf9zMjDrZzGRlHsPTas5SEQPRWINKs9UWZvGrQH
158569587,2025-09-27T04:37:57.114137,instruction_0_xiauau1c,2nxgD7YBUfWnkg8MDIDU03xQ8jfAwqBxtffq8TQUnbyS,461.101631,VfWZrfDESyRwDP0diNNXsfRuZOT9pGP4cMbAIEtXwR75
158569588,2025-09-27T04:47:57.114137,instruction_6_w8etmwdf,0HEzZvgMh6BylspTKU36tVhUUfYb0P2aA1RPHi6QhmR2,6517.963348,LWRdCVk5ZuCsXGQEJTcmzi4LpxkmmZgCTVD8MQ4ewxNo
158569588,2025-09-27T04:47:57.114137,instruction_1_acgkpl2v,PteEsscItUmEiM3Ni23c72uD26yqnMz5NYZj1h8JM94D,8380.259579,AlIbry55iXGABoovxdJsz7KYNFFCC8NY01wugotiDXLo
158569589,2025-09-27T04:57:57.114137,instruction_7_9hjma8b1,FxqXwKJKOHBdcpumDJVjccW2KjMG56pHVFQmiJggBduL,9779.215025,qoWVY7n3gAls4yBa1pGmbvxYsIlbfGLAU44MNjzBpEdY
158569589,2025-09-27T04:57:57.114137,instruction_2_2c8756nx,vY037rLyu8VfrdDmOKUWUsDE6NmzgQtH3UYWATF4hd0u,8380.729032,7XRQCVDl6DCT42fI8dSLNGrGZR3KqpXluEMbT3aK1StV
158569590,2025-09-27T05:07:57.114137,instruction_3_3isgnz5r,IziVLwU8C1BZt6NCkxKpUBwYcQeGkjtupPmxX6CTy8Y8,393.610129,cpcDK2W4bs5CyIEeU5gy3HTBZQGt87dSVDmAlXI1JXrW
158569591,2025-09-27T05:17:57.114137,instruction_4_uc9mzr5o,7sfOtyt0WEUvihpNGGIgrOMnX4B8mHTDUhCMfp0NodyK,8481.952197,ml4vYs9DYElMyjyRUbaxgkV3En2ksAVKAYQO2yBNJxb1
